[
    {
        "id": 1,
        "icon":"emoji_events",
        "date":"2023",
        "name": "Best Boat Design",
        "description": "Receiving an award from a prominent boating magazine for three consecutive years.",
        "active":"true"
    },
    {
        "id": 2,
        "icon":"emoji_events",
        "date":"2023",
        "name": "Best Boat Design",
        "description": "Receiving an award from a prominent boating magazine for three consecutive years.",
        "active":"true"
    },
    {
        "id": 3,
        "icon":"emoji_events",
        "date":"2023",
        "name": "Best Boat Design",
        "description": "Receiving an award from a prominent boating magazine for three consecutive years.",
        "active":"true"
    },
    {
        "id": 4,
        "icon":"emoji_events",
        "date":"2023",
        "name": "Best Boat Design",
        "description": "Receiving an award from a prominent boating magazine for three consecutive years."
    },
    {
        "id": 5,
        "icon":"emoji_events",
        "date":"2023",
        "name": "Best Boat Design",
        "description": "Receiving an award from a prominent boating magazine for three consecutive years.",
        "active":"true"
    },
    {
        "id": 6,
        "icon":"emoji_events",
        "date":"2023",
        "name": "Best Boat Design",
        "description": "Receiving an award from a prominent boating magazine for three consecutive years.",
        "active":"true"
    }
]