[
    {
        "id": 1,
        "imageUrl": "/assets/images/CEO.png",
        "name": "ABD Jon",
        "designation": "CEO",
        "active":"true"
    },
    {
        "id": 2,
        "imageUrl": "/assets/images/CEO.png",
        "name": "ABD Jon",
        "designation": "CEO",
        "active":"true"
    },
    {
        "id": 3,
        "imageUrl": "/assets/images/CEO.png",
        "name": "ABD Jon",
        "designation": "CEO",
        "active":"true"
    },
    {
        "id": 4,
        "imageUrl": "/assets/images/CEO.png",
        "name": "ABD Jon",
        "designation": "CEO",
        "active":"true"
    }
]