[
    {
        "id": 1,
        "title": "2024 Upcoming Promos",
        "subtitle":"PWC and Switch Savings Bonanza",
        "description": "Embark on endless adventures with 2 years of coverage on your 2024 Soft Water Sports personal watercraft or Switch pontoon. Plus, enjoy exclusive discounts on the entire 2024 accessories collection. Explore the details and gear up for the excitement!",
        "description2":"At NSR, we take immense pride in our ability to provide new and groundbreaking solutions to our valued customers. Our commitment to pioneering technology and performance enhancements not only sets us apart but also defines the very essence of our company. We understand that the world of boating is ever-evolving, and we are here to lead the way, offering you the most advanced, efficient, and reliable outboard motors and boating solutions available.With a legacy of customer satisfaction and a love for the sea, invites you to embark on this incredible journey with us. Discover your dream boat, explore new horizons, and create unforgettable memories. Welcome aboard!",
        "imageUrl": "/assets/images/promo-1.jpg",
        "imageUrl2":"/assets/images/promo-1.jpg",
        "author":"ABC Fernando",
        "date":"24",
        "month":"May",
        "year":"2023",
        "imgtitle":"Newly arrived Yacht ",
        "imgdescription":"To be recognized as a global leader in marine power products, setting the standard for excellence in the industry. We aspire to become a world-class provider of marine power solutions, synonymous with innovation, quality, and customer satisfaction. With a relentless commitment to progress, we aim to shape the future of boating by continually raising the bar in product design, performance, and customer service, ensuring that every voyage is a journey of unparalleled satisfaction and adventure.",
        "active":"true"
    },
    {
        "id": 2,
        "title": "Interested in Jetski Performances?",
        "subtitle":"Surprising Shows with surprising price",
        "description": "Take the jet ski out for a spin around the blues. Skip over the waves a catch the wind and let the water splash all around you - and if your luck, you can even encounter some dolphins on your adventure.",
        "description2":"At NSR, we take immense pride in our ability to provide new and groundbreaking solutions to our valued customers. Our commitment to pioneering technology and performance enhancements not only sets us apart but also defines the very essence of our company. We understand that the world of boating is ever-evolving, and we are here to lead the way, offering you the most advanced, efficient, and reliable outboard motors and boating solutions available.With a legacy of customer satisfaction and a love for the sea, invites you to embark on this incredible journey with us. Discover your dream boat, explore new horizons, and create unforgettable memories. Welcome aboard!",
        "imageUrl": "/assets/images/promo-2.jpg",
        "imageUrl2":"/assets/images/promo-2.jpg",
        "author":"ABC Fernando",
        "date":"24",
        "month":"May",
        "year":"2023",
        "imgtitle":"Newly arrived Yacht ",
        "imgdescription":"To be recognized as a global leader in marine power products, setting the standard for excellence in the industry. We aspire to become a world-class provider of marine power solutions, synonymous with innovation, quality, and customer satisfaction. With a relentless commitment to progress, we aim to shape the future of boating by continually raising the bar in product design, performance, and customer service, ensuring that every voyage is a journey of unparalleled satisfaction and adventure.",
        "active":"true"
    },
    {
        "id": 3,
        "title": "Still in 2023?",
        "subtitle":"We get it. And we can help",
        "description": "Experience something truly electrifying on the waters. Cut through the turquoise waves on the water ski and get the best out of an epic advent as you ride the adrenaline high.",
        "description2":"At NSR, we take immense pride in our ability to provide new and groundbreaking solutions to our valued customers. Our commitment to pioneering technology and performance enhancements not only sets us apart but also defines the very essence of our company. We understand that the world of boating is ever-evolving, and we are here to lead the way, offering you the most advanced, efficient, and reliable outboard motors and boating solutions available.With a legacy of customer satisfaction and a love for the sea, invites you to embark on this incredible journey with us. Discover your dream boat, explore new horizons, and create unforgettable memories. Welcome aboard!",
        "imageUrl": "/assets/images/promo-3.jpg",
        "imageUrl2":"/assets/images/promo-3.jpg",
        "author":"ABC Fernando",
        "date":"24",
        "month":"May",
        "year":"2023",
        "imgtitle":"Newly arrived Yacht ",
        "imgdescription":"To be recognized as a global leader in marine power products, setting the standard for excellence in the industry. We aspire to become a world-class provider of marine power solutions, synonymous with innovation, quality, and customer satisfaction. With a relentless commitment to progress, we aim to shape the future of boating by continually raising the bar in product design, performance, and customer service, ensuring that every voyage is a journey of unparalleled satisfaction and adventure.",
        "active":"true"
    },
    {
        "id": 4,
        "title": "2024 Upcoming Promos",
        "subtitle":"PWC and Switch Savings Bonanza",
        "description": "Embark on endless adventures with 2 years of coverage on your 2024 Soft Water Sports personal watercraft or Switch pontoon. Plus, enjoy exclusive discounts on the entire 2024 accessories collection. Explore the details and gear up for the excitement!",
        "description2":"At NSR, we take immense pride in our ability to provide new and groundbreaking solutions to our valued customers. Our commitment to pioneering technology and performance enhancements not only sets us apart but also defines the very essence of our company. We understand that the world of boating is ever-evolving, and we are here to lead the way, offering you the most advanced, efficient, and reliable outboard motors and boating solutions available.With a legacy of customer satisfaction and a love for the sea, invites you to embark on this incredible journey with us. Discover your dream boat, explore new horizons, and create unforgettable memories. Welcome aboard!",
        "imageUrl": "/assets/images/promo-1.jpg",
        "imageUrl2":"/assets/images/promo-1.jpg",
        "author":"ABC Fernando",
        "date":"24",
        "month":"May",
        "year":"2023",
        "imgtitle":"Newly arrived Yacht ",
        "imgdescription":"To be recognized as a global leader in marine power products, setting the standard for excellence in the industry. We aspire to become a world-class provider of marine power solutions, synonymous with innovation, quality, and customer satisfaction. With a relentless commitment to progress, we aim to shape the future of boating by continually raising the bar in product design, performance, and customer service, ensuring that every voyage is a journey of unparalleled satisfaction and adventure.",
        "active":"true"
    },
    {
        "id": 5,
        "title": "Interested in Jetski Performances?",
        "subtitle":"Surprising Shows with surprising price",
        "description": "Take the jet ski out for a spin around the blues. Skip over the waves a catch the wind and let the water splash all around you - and if your luck, you can even encounter some dolphins on your adventure.",
        "description2":"At NSR, we take immense pride in our ability to provide new and groundbreaking solutions to our valued customers. Our commitment to pioneering technology and performance enhancements not only sets us apart but also defines the very essence of our company. We understand that the world of boating is ever-evolving, and we are here to lead the way, offering you the most advanced, efficient, and reliable outboard motors and boating solutions available.With a legacy of customer satisfaction and a love for the sea, invites you to embark on this incredible journey with us. Discover your dream boat, explore new horizons, and create unforgettable memories. Welcome aboard!",
        "imageUrl": "/assets/images/promo-2.jpg",
        "imageUrl2":"/assets/images/promo-2.jpg",
        "author":"ABC Fernando",
        "date":"24",
        "month":"May",
        "year":"2023",
        "imgtitle":"Newly arrived Yacht ",
        "imgdescription":"To be recognized as a global leader in marine power products, setting the standard for excellence in the industry. We aspire to become a world-class provider of marine power solutions, synonymous with innovation, quality, and customer satisfaction. With a relentless commitment to progress, we aim to shape the future of boating by continually raising the bar in product design, performance, and customer service, ensuring that every voyage is a journey of unparalleled satisfaction and adventure.",
        "active":"true"
    },
    {
        "id": 6,
        "title": "Still in 2023?",
        "subtitle":"We get it. And we can help",
        "description": "Experience something truly electrifying on the waters. Cut through the turquoise waves on the water ski and get the best out of an epic advent as you ride the adrenaline high.",
        "description2":"At NSR, we take immense pride in our ability to provide new and groundbreaking solutions to our valued customers. Our commitment to pioneering technology and performance enhancements not only sets us apart but also defines the very essence of our company. We understand that the world of boating is ever-evolving, and we are here to lead the way, offering you the most advanced, efficient, and reliable outboard motors and boating solutions available.With a legacy of customer satisfaction and a love for the sea, invites you to embark on this incredible journey with us. Discover your dream boat, explore new horizons, and create unforgettable memories. Welcome aboard!",
        "imageUrl": "/assets/images/promo-3.jpg",
        "imageUrl2":"/assets/images/promo-3.jpg",
        "author":"ABC Fernando",
        "date":"24",
        "month":"May",
        "year":"2023",
        "imgtitle":"Newly arrived Yacht ",
        "imgdescription":"To be recognized as a global leader in marine power products, setting the standard for excellence in the industry. We aspire to become a world-class provider of marine power solutions, synonymous with innovation, quality, and customer satisfaction. With a relentless commitment to progress, we aim to shape the future of boating by continually raising the bar in product design, performance, and customer service, ensuring that every voyage is a journey of unparalleled satisfaction and adventure.",
        "active":"true"
    }
]