[
    {
        "id": 1,
        "title": "2024 Upcoming Promos",
        "subtitle":"PWC and Switch Savings Bonanza",
        "condition": "Experience something truly electrifying on the waters. Cut through the turquoise waves on the water ski and get the best out of an epic advent as you ride the adrenaline high.",
        "description": "NSR is at the forefront of innovation in the boating industry. As one of the earliest companies to introduce cutting-edge outboard motor technologies such as gasoline engines without cylinder liners and EFI (Electronic Fuel Injection) in Maldives, we have consistently pushed the boundaries of what's possible on the water. Our dedication to innovation has resulted in the acquisition of numerous invention patents, and we continue to invest significantly in research and development to ensure we remain ahead of the curve.",
        "large_description": "At NSR, we take immense pride in our ability to provide new and groundbreaking solutions to our valued customers. Our commitment to pioneering technology and performance enhancements not only sets us apart but also defines the very essence of our company. We understand that the world of boating is ever-evolving, and we are here to lead the way, offering you the most advanced, efficient, and reliable outboard motors and boating solutions available.With a legacy of customer satisfaction and a love for the sea, invites you to embark on this incredible journey with us. Discover your dream boat, explore new horizons, and create unforgettable memories. Welcome aboard!",
        "imageUrl": "/assets/images/promo-1.jpg",
        "discount":"15%",
        "active":"true"
    },
    {
        "id": 2,
        "title": "Interested in Jetski Performances?",
        "subtitle":"Surprising Shows with surprising price",
        "condition": "Experience something truly electrifying on the waters. Cut through the turquoise waves on the water ski and get the best out of an epic advent as you ride the adrenaline high.",
        "description": "NSR is at the forefront of innovation in the boating industry. As one of the earliest companies to introduce cutting-edge outboard motor technologies such as gasoline engines without cylinder liners and EFI (Electronic Fuel Injection) in Maldives, we have consistently pushed the boundaries of what's possible on the water. Our dedication to innovation has resulted in the acquisition of numerous invention patents, and we continue to invest significantly in research and development to ensure we remain ahead of the curve.",
        "large_description": "At NSR, we take immense pride in our ability to provide new and groundbreaking solutions to our valued customers. Our commitment to pioneering technology and performance enhancements not only sets us apart but also defines the very essence of our company. We understand that the world of boating is ever-evolving, and we are here to lead the way, offering you the most advanced, efficient, and reliable outboard motors and boating solutions available.With a legacy of customer satisfaction and a love for the sea, invites you to embark on this incredible journey with us. Discover your dream boat, explore new horizons, and create unforgettable memories. Welcome aboard!",
        "imageUrl": "/assets/images/promo-2.jpg",
        "discount":"25%",
        "active":"true"
    },
    {
        "id": 3,
        "title": "Still in 2023?",
        "subtitle":"We get it. And we can help",
        "condition": "Experience something truly electrifying on the waters. Cut through the turquoise waves on the water ski and get the best out of an epic advent as you ride the adrenaline high.",
        "description": "NSR is at the forefront of innovation in the boating industry. As one of the earliest companies to introduce cutting-edge outboard motor technologies such as gasoline engines without cylinder liners and EFI (Electronic Fuel Injection) in Maldives, we have consistently pushed the boundaries of what's possible on the water. Our dedication to innovation has resulted in the acquisition of numerous invention patents, and we continue to invest significantly in research and development to ensure we remain ahead of the curve.",
        "large_description": "At NSR, we take immense pride in our ability to provide new and groundbreaking solutions to our valued customers. Our commitment to pioneering technology and performance enhancements not only sets us apart but also defines the very essence of our company. We understand that the world of boating is ever-evolving, and we are here to lead the way, offering you the most advanced, efficient, and reliable outboard motors and boating solutions available.With a legacy of customer satisfaction and a love for the sea, invites you to embark on this incredible journey with us. Discover your dream boat, explore new horizons, and create unforgettable memories. Welcome aboard!",
        "imageUrl": "/assets/images/promo-3.jpg",
        "discount":"10%",
        "active":"true"
    },
    {
        "id": 4,
        "title": "2024 Upcoming Promos",
        "subtitle":"PWC and Switch Savings Bonanza",
        "condition": "Experience something truly electrifying on the waters. Cut through the turquoise waves on the water ski and get the best out of an epic advent as you ride the adrenaline high.",
        "description": "NSR is at the forefront of innovation in the boating industry. As one of the earliest companies to introduce cutting-edge outboard motor technologies such as gasoline engines without cylinder liners and EFI (Electronic Fuel Injection) in Maldives, we have consistently pushed the boundaries of what's possible on the water. Our dedication to innovation has resulted in the acquisition of numerous invention patents, and we continue to invest significantly in research and development to ensure we remain ahead of the curve.",
        "large_description": "At NSR, we take immense pride in our ability to provide new and groundbreaking solutions to our valued customers. Our commitment to pioneering technology and performance enhancements not only sets us apart but also defines the very essence of our company. We understand that the world of boating is ever-evolving, and we are here to lead the way, offering you the most advanced, efficient, and reliable outboard motors and boating solutions available.With a legacy of customer satisfaction and a love for the sea, invites you to embark on this incredible journey with us. Discover your dream boat, explore new horizons, and create unforgettable memories. Welcome aboard!",
        "imageUrl": "/assets/images/promo-1.jpg",
        "discount":"15%",
        "active":"true"
    },
    {
        "id": 5,
        "title": "Interested in Jetski Performances?",
        "subtitle":"Surprising Shows with surprising price",
        "condition": "Experience something truly electrifying on the waters. Cut through the turquoise waves on the water ski and get the best out of an epic advent as you ride the adrenaline high.",
        "description": "NSR is at the forefront of innovation in the boating industry. As one of the earliest companies to introduce cutting-edge outboard motor technologies such as gasoline engines without cylinder liners and EFI (Electronic Fuel Injection) in Maldives, we have consistently pushed the boundaries of what's possible on the water. Our dedication to innovation has resulted in the acquisition of numerous invention patents, and we continue to invest significantly in research and development to ensure we remain ahead of the curve.",
        "large_description": "At NSR, we take immense pride in our ability to provide new and groundbreaking solutions to our valued customers. Our commitment to pioneering technology and performance enhancements not only sets us apart but also defines the very essence of our company. We understand that the world of boating is ever-evolving, and we are here to lead the way, offering you the most advanced, efficient, and reliable outboard motors and boating solutions available.With a legacy of customer satisfaction and a love for the sea, invites you to embark on this incredible journey with us. Discover your dream boat, explore new horizons, and create unforgettable memories. Welcome aboard!",
        "imageUrl": "/assets/images/promo-2.jpg",
        "discount":"25%",
        "active":"true"
    },
    {
        "id": 6,
        "title": "Still in 2023?",
        "subtitle":"We get it. And we can help",
        "condition": "Experience something truly electrifying on the waters. Cut through the turquoise waves on the water ski and get the best out of an epic advent as you ride the adrenaline high.",
        "description": "NSR is at the forefront of innovation in the boating industry. As one of the earliest companies to introduce cutting-edge outboard motor technologies such as gasoline engines without cylinder liners and EFI (Electronic Fuel Injection) in Maldives, we have consistently pushed the boundaries of what's possible on the water. Our dedication to innovation has resulted in the acquisition of numerous invention patents, and we continue to invest significantly in research and development to ensure we remain ahead of the curve.",
        "large_description": "At NSR, we take immense pride in our ability to provide new and groundbreaking solutions to our valued customers. Our commitment to pioneering technology and performance enhancements not only sets us apart but also defines the very essence of our company. We understand that the world of boating is ever-evolving, and we are here to lead the way, offering you the most advanced, efficient, and reliable outboard motors and boating solutions available.With a legacy of customer satisfaction and a love for the sea, invites you to embark on this incredible journey with us. Discover your dream boat, explore new horizons, and create unforgettable memories. Welcome aboard!",
        "imageUrl": "/assets/images/promo-3.jpg",
        "discount":"10%",
        "active":"true"
    }
]